{"cameraMode":{"drawMode":0,"name":"Shaded","section":"Shading Mode"},"sceneLighting":false,"audioPlay":false,"sceneViewState":{"m_AlwaysRefresh":false,"showFog":false,"showSkybox":false,"showFlares":true,"showImageEffects":true,"showParticleSystems":true,"showVisualEffectGraphs":true,"m_FxEnabled":true},"in2DMode":false,"pivot":{"x":-14.819840431213379,"y":-11.187227249145508,"z":111.93534088134766},"rotation":{"x":-0.05619148164987564,"y":0.943182110786438,"z":-0.21320244669914246,"w":-0.24858440458774568},"size":466.38507080078127,"orthographic":false}